{
  "train_loss": [
    0.9809452056884765,
    0.9539291943822589,
    0.8321728524707612,
    0.6366939683755238,
    0.5263319517884936,
    0.5046634327797662,
    0.4717206009796688,
    0.45113314872696286,
    0.4417148876757849,
    0.42976351848670413,
    0.42336170105707077,
    0.4060683801060631,
    0.4000491753930137,
    0.3799182511511303,
    0.374912162621816,
    0.36584572153432027,
    0.3500704332476571,
    0.359387893194244,
    0.33274356311275843,
    0.3437837078457787,
    0.35086371359371005,
    0.34965592736289614,
    0.3322741226071403,
    0.3240642419883183,
    0.32167572662943883,
    0.3232564981494631,
    0.31180424903120313,
    0.32478588493097393,
    0.2977831528300331,
    0.31134399473667146,
    0.30002943461849574,
    0.3004825909932454,
    0.29653723864328296,
    0.29373858656202045,
    0.2962494603225163,
    0.2855548483984811,
    0.29575377262773966,
    0.29207622415962675,
    0.2737781014470827,
    0.27634933761187963,
    0.2938406467437744,
    0.27326287229855856,
    0.27455044190088906,
    0.2681948600780396,
    0.28272712713196163,
    0.25259885596377507,
    0.23535178502400717,
    0.2381720279653867,
    0.24198806832234065,
    0.22897547369911558,
    0.23168959908542178,
    0.22384993370090212,
    0.228515887260437,
    0.21231987306049893,
    0.21268491106373924,
    0.22422675185260318,
    0.2025450437551453,
    0.22382998154276892,
    0.213899735893522,
    0.20902816702922186,
    0.21122001643691743,
    0.21065005209474336,
    0.20838813341799237,
    0.20284537445931208,
    0.21449350182499205,
    0.2014792413229034,
    0.19033271471659344,
    0.2141220539098694,
    0.2002686832987127,
    0.18979775039922622,
    0.20526118963247253,
    0.186806813982271,
    0.20138326223407474,
    0.199441439977714,
    0.20401048869604155,
    0.19944404065608978,
    0.184613644828399,
    0.18811220152392275,
    0.19648190616142183,
    0.18629667638313202,
    0.19417294831503004,
    0.18729909090768723,
    0.17603566057625272,
    0.18701094970816656,
    0.16146638176980474,
    0.17081708233980905,
    0.17675083357663382,
    0.1563028131922086,
    0.1700275288096496,
    0.16002712196537427,
    0.16627340566899096,
    0.1593881667369888,
    0.17252144306188538,
    0.15867107333171934,
    0.16714138966940698,
    0.16838173000585466,
    0.1571215869415374,
    0.17701630819411504,
    0.15793159486992017,
    0.14752788288141822
  ],
  "val_loss": [
    0.9775503433269003,
    0.9368426566538604,
    0.7696074351020481,
    0.5714386662711268,
    0.520524720782819,
    0.5216075790965039,
    0.48226039176401886,
    0.5104074944620547,
    0.44296102808869403,
    0.4975612215373827,
    0.4656290100968402,
    0.4179337089476378,
    0.4396406774935515,
    0.48546549418698187,
    0.4671670872232188,
    0.40026506263276806,
    0.4024539732414743,
    0.4151357515998509,
    0.4045195087142613,
    0.4100717157125473,
    0.40936689985835034,
    0.40844822707383527,
    0.42900686808254407,
    0.41677468367244885,
    0.45825757539790607,
    0.4106239844923434,
    0.38550480876279913,
    0.41673149103703705,
    0.39727375559184863,
    0.39858278567376343,
    0.3794624468554621,
    0.3785461621439975,
    0.3983768535696942,
    0.39801824740741565,
    0.3696448375349459,
    0.37304008654926135,
    0.3757408118766287,
    0.3888610964236052,
    0.3889045942088832,
    0.3945299399935681,
    0.39086858863415924,
    0.3981495156236317,
    0.39425460929455963,
    0.402820225643075,
    0.3968579808007116,
    0.39237247018710425,
    0.40100936138111615,
    0.3698377680519353,
    0.37190612178781757,
    0.3830152847196745,
    0.364499410857325,
    0.39943008707917255,
    0.36665911000707874,
    0.3818310525106347,
    0.3629339343827704,
    0.37045660874117975,
    0.36555602239525836,
    0.3655441273813662,
    0.36958341754001117,
    0.35883124820564105,
    0.37562499940395355,
    0.3702476102372874,
    0.3634069827587708,
    0.38046108121457306,
    0.38927778407283453,
    0.37906106334665546,
    0.36413407649682916,
    0.36435062341068103,
    0.3664550334215164,
    0.3768632586883462,
    0.36582081797330274,
    0.3962535709142685,
    0.36485188940297003,
    0.3693673733783805,
    0.37756304961183795,
    0.3948324270870375,
    0.35835220567558124,
    0.3700996980718944,
    0.36754209645416425,
    0.374669950293458,
    0.3700813074474749,
    0.38106468125529913,
    0.3613929729098859,
    0.3911193343608276,
    0.3611218449862107,
    0.3619458882705025,
    0.3728157625250194,
    0.37350985148678656,
    0.3640214321405991,
    0.36942918404288916,
    0.368311737542567,
    0.37561173931412073,
    0.36389425980008167,
    0.37793424142443616,
    0.3739492608153302,
    0.36050324725068134,
    0.376112448780433,
    0.36687257756357605,
    0.3664090762967649,
    0.37169846762781555
  ],
  "val_dice": [
    0.08544863412237685,
    0.1513144281571326,
    0.4485516434778338,
    0.5152893085842547,
    0.5800082852011141,
    0.5096205421116041,
    0.6022559041562288,
    0.5909461947137599,
    0.6587833295697751,
    0.6115831602641917,
    0.6372433952663256,
    0.6528249635644581,
    0.6553632902062457,
    0.6470773582873137,
    0.6248965457729672,
    0.6846676909405253,
    0.6731412695801776,
    0.6723320121350496,
    0.6697339972724086,
    0.6652768941029258,
    0.670942933663078,
    0.6776481996411863,
    0.6738890176234038,
    0.6709815056427665,
    0.6611441490442856,
    0.6836978132310121,
    0.6900573087775189,
    0.6771718354328818,
    0.6853867263897605,
    0.6932202046332152,
    0.6922271802373554,
    0.7072665276734725,
    0.6949778017790421,
    0.7123280012089274,
    0.699542902086092,
    0.6960433579009512,
    0.6939015116380609,
    0.7086937246115311,
    0.7035298788029215,
    0.6945506049239117,
    0.6896437030771504,
    0.692187602105348,
    0.6919534783000532,
    0.7031384142844573,
    0.6977978672670282,
    0.7099240124225616,
    0.7082032561302185,
    0.705149430943572,
    0.7257068999435591,
    0.7171658329341722,
    0.7229771432669266,
    0.7098343437132628,
    0.7284457022729127,
    0.725831565649613,
    0.7313706900762476,
    0.727892499902974,
    0.7234719240147135,
    0.7242233727289282,
    0.7236307535482489,
    0.717411897752596,
    0.7244851835395979,
    0.7256585528021273,
    0.7334997796494028,
    0.7198941487333049,
    0.7181660416333572,
    0.7271589973698491,
    0.7306047820526621,
    0.7326785092768462,
    0.732651050971902,
    0.7272082580172498,
    0.7339145217252814,
    0.7188609747782998,
    0.7275611304718516,
    0.7229214375433715,
    0.7256214178126791,
    0.7208974931551062,
    0.7308312356472015,
    0.720334283683611,
    0.7261956567349641,
    0.7247857205245806,
    0.7321025910584823,
    0.7241934213949286,
    0.7330649637657664,
    0.7217602950075398,
    0.7345638106698575,
    0.7349950541620669,
    0.7313642501831055,
    0.7302788664465365,
    0.7366831704326298,
    0.7315397754959438,
    0.7355003836362258,
    0.7300333562104598,
    0.7359883577927299,
    0.7302415267280911,
    0.7308351838070414,
    0.7394139961056088,
    0.7308429531429125,
    0.7367607212584951,
    0.7364778920360233,
    0.7363364307776742
  ]
}