{
  "train_loss": [
    0.6219391130738788,
    0.3888930272724893,
    0.24217964882651966,
    0.18265969627019432,
    0.15853472722487316,
    0.16829606006956763,
    0.1284270927620431,
    0.14796494336591826,
    0.11785082132555544,
    0.1312525516893301,
    0.1126363552848084,
    0.12089397088728017,
    0.10640744854075214,
    0.09959216612494654,
    0.0968284509713865,
    0.08858409230338617,
    0.10178600838504887,
    0.07120425385785185,
    0.10296082063966121,
    0.08039614815821147,
    0.08627001655663157,
    0.025082312129971897,
    0.004881345778661246,
    0.0037715812148336326,
    0.009585730571408628,
    0.0012910504731684746,
    0.01664843802338459,
    0.004625576679518417,
    7.840215485164966e-05,
    0.002010859148246406,
    0.00021461998571936647,
    4.110023451807542e-05,
    2.5840719037735955e-05
  ],
  "val_loss": [
    0.4516316935420036,
    0.1961602382361889,
    0.13901146035641432,
    0.12106231632642447,
    0.10222310874378308,
    0.09135022569971625,
    0.09843674783478491,
    0.07744477097003255,
    0.08580842324154218,
    0.08556260446785018,
    0.08357189154048683,
    0.0976860592068988,
    0.0791264751842391,
    0.07572835519895307,
    0.07742109136379441,
    0.0947651559181395,
    0.06810860945151945,
    0.07437864801049728,
    0.06456741563938521,
    0.05680561874969499,
    0.050118270876873795,
    0.0933291330895372,
    0.06628491572593873,
    0.07061454883981924,
    0.13092727513974864,
    0.17653744141684058,
    0.13175686666422876,
    0.1414833549171462,
    0.13584757442779427,
    0.1314316636172954,
    0.14919805839521344,
    0.15326018442837216,
    0.1363607995344811
  ],
  "train_acc": [
    0.6798611111111111,
    0.8583333333333333,
    0.9041666666666667,
    0.93125,
    0.9375,
    0.9326388888888889,
    0.9465277777777777,
    0.9486111111111111,
    0.9534722222222223,
    0.9569444444444445,
    0.9576388888888889,
    0.95625,
    0.9597222222222223,
    0.9618055555555556,
    0.9638888888888889,
    0.9694444444444444,
    0.9673611111111111,
    0.9805555555555555,
    0.9666666666666667,
    0.9701388888888889,
    0.9722222222222222,
    0.9930555555555556,
    0.9993055555555556,
    0.9986111111111111,
    0.9979166666666667,
    0.9993055555555556,
    0.9972222222222222,
    0.9993055555555556,
    1.0,
    0.9993055555555556,
    1.0,
    1.0,
    1.0
  ],
  "val_acc": [
    0.925,
    0.94375,
    0.95625,
    0.94375,
    0.965625,
    0.9625,
    0.959375,
    0.96875,
    0.975,
    0.965625,
    0.978125,
    0.959375,
    0.965625,
    0.975,
    0.971875,
    0.96875,
    0.978125,
    0.978125,
    0.96875,
    0.98125,
    0.984375,
    0.984375,
    0.9875,
    0.9875,
    0.984375,
    0.978125,
    0.984375,
    0.984375,
    0.984375,
    0.984375,
    0.984375,
    0.984375,
    0.9875
  ],
  "val_sens": [
    0.9617834333644367,
    0.9363057265203457,
    0.9363057265203457,
    0.955414006653414,
    0.9490445799423912,
    0.955414006653414,
    0.9490445799423912,
    0.955414006653414,
    0.955414006653414,
    0.9490445799423912,
    0.9617834333644367,
    0.9745222867864822,
    0.9490445799423912,
    0.9681528600754595,
    0.955414006653414,
    0.9363057265203457,
    0.955414006653414,
    0.955414006653414,
    0.9681528600754595,
    0.9681528600754595,
    0.9681528600754595,
    0.9681528600754595,
    0.9745222867864822,
    0.9745222867864822,
    0.9681528600754595,
    0.955414006653414,
    0.9681528600754595,
    0.9681528600754595,
    0.9681528600754595,
    0.9681528600754595,
    0.9681528600754595,
    0.9681528600754595,
    0.9745222867864822
  ],
  "val_spec": [
    0.8791946249718482,
    0.9463087184811495,
    0.9731543558848701,
    0.9261744904283591,
    0.9798657652358003,
    0.9664429465339399,
    0.9664429465339399,
    0.9798657652358003,
    0.9932885839376605,
    0.9798657652358003,
    0.9932885839376605,
    0.9395973091302194,
    0.9798657652358003,
    0.9798657652358003,
    0.9865771745867304,
    0.9999999932885907,
    0.9999999932885907,
    0.9999999932885907,
    0.9664429465339399,
    0.9932885839376605,
    0.9999999932885907,
    0.9999999932885907,
    0.9999999932885907,
    0.9999999932885907,
    0.9999999932885907,
    0.9999999932885907,
    0.9999999932885907,
    0.9999999932885907,
    0.9999999932885907,
    0.9999999932885907,
    0.9999999932885907,
    0.9999999932885907,
    0.9999999932885907
  ]
}