{
  "train_loss": [
    0.4601818156592986,
    0.18817523625843666,
    0.1329875296967871,
    0.1445366169928628,
    0.20888480913880117,
    0.1358565593357472,
    0.12014851097346228,
    0.08600889735252541,
    0.06941886266748257,
    0.053752229590078485,
    0.05260613778441706,
    0.039546848904779726,
    0.028109364435829988,
    0.0468105543507537,
    0.03538735858712565,
    0.03174755095695967,
    0.033232596607002264,
    0.039692858028609085,
    0.03047129402265829,
    0.03204110573792337,
    0.022029721897150224,
    0.014568801022559294,
    0.023883832171764773,
    0.02973675188053783,
    0.027802610643180636,
    0.015111129278974497,
    0.00756333560874576,
    0.019745774445575934,
    0.015421354674104163,
    0.012658373355139595
  ],
  "val_loss": [
    0.733434684574604,
    0.6268072836101055,
    0.3880095691420138,
    0.24393524962943047,
    0.4397773612290621,
    0.17234807182103395,
    0.3434574753046036,
    0.2691358276642859,
    0.11161016603000462,
    0.16086877253837883,
    0.06315573066240177,
    0.033137457648990676,
    0.03627571172546595,
    0.038180223491508514,
    0.022025268175639212,
    0.04314428714860696,
    0.021303037079633214,
    0.004712396417744458,
    0.008617125044111162,
    0.002541712048696354,
    0.0031412101088790223,
    0.003521116879710462,
    0.003177303573465906,
    0.00902392815623898,
    0.0024281537625938654,
    0.002993067100760527,
    0.004008180752862245,
    0.003306340702692978,
    0.0028878067096229643,
    0.0033774190669646487
  ],
  "train_acc": [
    0.772225937422584,
    0.9319852941176471,
    0.9458556157701156,
    0.9403409098877626,
    0.9366644392995274,
    0.9411764705882353,
    0.9503676470588235,
    0.9724264705882353,
    0.9797794117647058,
    0.9834558823529411,
    0.9834558823529411,
    0.9807820863583508,
    0.9944852941176471,
    0.9816176470588235,
    0.9881350275348214,
    0.9908088235294118,
    0.9889705882352942,
    0.9834558823529411,
    0.9871323529411765,
    0.9889705882352942,
    0.9944852941176471,
    0.9963235294117647,
    0.9908088235294118,
    0.9871323529411765,
    0.9926470588235294,
    0.9963235294117647,
    1.0,
    0.9963235294117647,
    0.9944852941176471,
    0.9963235294117647
  ],
  "val_acc": [
    0.5911458358168602,
    0.7864583358168602,
    0.8489583358168602,
    0.8723958358168602,
    0.8411458358168602,
    0.8880208358168602,
    0.8567708358168602,
    0.8567708358168602,
    0.9296875,
    0.9140625,
    0.9765625,
    0.9921875,
    0.984375,
    0.984375,
    1.0,
    0.96875,
    1.0,
    1.0,
    1.0,
    1.0,
    1.0,
    1.0,
    1.0,
    1.0,
    1.0,
    1.0,
    1.0,
    1.0,
    1.0,
    1.0
  ],
  "val_sens": [
    0.21311475060467622,
    0.6229508094598228,
    0.7540983482934698,
    0.8032786753560873,
    0.7377049059392639,
    0.8360655600644991,
    0.7704917906476756,
    0.7704917906476756,
    0.8524590024187049,
    0.8196721177102931,
    0.9508196565439401,
    0.9836065412523518,
    0.967213098898146,
    0.967213098898146,
    0.9999999836065577,
    0.9344262141897343,
    0.9999999836065577,
    0.9999999836065577,
    0.9999999836065577,
    0.9999999836065577,
    0.9999999836065577,
    0.9999999836065577,
    0.9999999836065577,
    0.9999999836065577,
    0.9999999836065577,
    0.9999999836065577,
    0.9999999836065577,
    0.9999999836065577,
    0.9999999836065577,
    0.9999999836065577
  ],
  "val_spec": [
    0.9999999814814818,
    0.9999999814814818,
    0.9999999814814818,
    0.9999999814814818,
    0.9999999814814818,
    0.9999999814814818,
    0.9999999814814818,
    0.9999999814814818,
    0.9999999814814818,
    0.9999999814814818,
    0.9999999814814818,
    0.9999999814814818,
    0.9999999814814818,
    0.9999999814814818,
    0.9999999814814818,
    0.9999999814814818,
    0.9999999814814818,
    0.9999999814814818,
    0.9999999814814818,
    0.9999999814814818,
    0.9999999814814818,
    0.9999999814814818,
    0.9999999814814818,
    0.9999999814814818,
    0.9999999814814818,
    0.9999999814814818,
    0.9999999814814818,
    0.9999999814814818,
    0.9999999814814818,
    0.9999999814814818
  ]
}